PLT_CN,SUBP,TREE,STATUSCD,SPCD,DIA,HT,ACTUALHT,CCLCD,UNCRCD,TPA_UNADJ
"670950967126144",1,3,1,202,20.8,116,116,3,78,6.018046
"670950967126144",1,1,1,202,23,112,112,3,82,6.018046
"670950967126144",1,2,2,19,7.3,42,42,,,6.018046
"670950967126144",1,4,1,202,16.9,103,103,3,85,6.018046
"670950967126144",2,1,1,93,11.6,86,86,3,91,6.018046
"670950967126144",2,2,1,73,6.7,73,73,3,22,6.018046
"670950967126144",2,3,1,17,7.5,55,55,4,98,6.018046
"670950967126144",2,4,2,73,,,,,,
"670950967126144",2,5,1,73,9.6,92,92,3,28,6.018046
"670950967126144",2,6,1,73,7.6,84,84,3,30,6.018046
"670950967126144",2,7,1,202,24.6,123,123,2,60,6.018046
"670950967126144",2,8,1,93,9.9,72,72,4,85,6.018046
"670950967126144",2,9,2,73,6.3,45,11,,,6.018046
"670950967126144",2,10,1,108,8.2,69,49,4,30,6.018046
"670950967126144",2,11,2,73,,,,,,
"670950967126144",2,12,1,73,13,103,103,3,48,6.018046
"670950967126144",2,13,1,19,1.3,10,10,5,,74.965282
"670950967126144",3,1,1,93,11.6,90,90,3,75,6.018046
"670950967126144",3,2,2,108,12.4,82,82,,,6.018046
"670950967126144",3,3,1,202,17.1,98,98,2,70,6.018046
"670950967126144",3,4,1,17,10.8,90,90,3,95,6.018046
"670950967126144",3,5,2,108,9.8,70,65,,,6.018046
"670950967126144",3,6,1,73,10.7,89,89,3,57,6.018046
"670950967126144",3,7,1,17,5.8,43,43,5,98,6.018046
"670950967126144",3,8,1,202,5.7,30,30,4,85,6.018046
"670950967126144",4,1,1,202,16.3,78,78,3,83,6.018046
"670950967126144",4,2,1,73,9.3,84,84,3,55,6.018046
"670950967126144",4,3,1,202,17.4,91,91,3,45,6.018046
"670950967126144",4,4,1,202,20.2,110,110,3,70,6.018046
"670950967126144",4,5,1,202,20.2,107,107,3,67,6.018046
"670950967126144",4,6,2,73,5.2,27,10,,,6.018046
"670950967126144",4,7,1,17,3.2,16,16,4,,74.965282
